ID,Name
1,Rosalyn Overfelt
2,Renate Sheets
3,Yolonda Dye
4,Ena Finch
5,Major Kintner
6,Ferne Mcgaha
7,Yasuko Belknap
8,Charline Weast
9,Phylicia Seymour
10,Anthony Haddox
11,Nathalie Helbing
12,Velva Philips
13,Ruben Loyd
14,Jeanett Early
15,Ivey Fiorini
16,Milford Oxley
17,Neoma Brill
18,Bradford Santini
19,Christian Lowrie
20,Yun Depue
21,Austin Osborn
22,Qiana Restrepo
23,Danial Tidwell
24,Abdul Mcdivitt
25,Ted Hamlett
26,Joesph Mountain
27,Cherlyn Dabrowski
28,Carmela Louque
29,Marietta Mattos
30,Adelaide Mccaskill
31,Mikki Faith
32,Adena Macrae
33,Chang Lusher
34,Raquel Harcrow
35,Kathe Stancill
36,Elma Bayerl
37,Risa Woolridge
38,Shante Phoenix
39,Vada Touchette
40,Roxann Northup
41,Hellen Vives
42,Domingo Knoblock
43,Jennette Hild
44,Hailey Osorio
45,Shonda Sidoti
46,Bruno Prudhomme
47,Jonah Cardamone
48,Alethea Cornish
49,Jodee Roger
50,Ginger Sease
